#Chrom	Pos	Ref	Alt	RawScore	PHRED
1	11900	A	T	-0.527445	1.597
1	11900	A	C	-0.642756	1.165
1	11900	A	G	-0.636787	1.186
1	879585	A	C	-0.641259	1.170
1	879585	A	G	-0.647307	1.149
1	879585	A	T	-0.533326	1.574
1	879586	A	C	-0.635400	1.191
1	879586	A	C	-0.635400	1.191
1	879586	A	C	-0.635400	1.191
